"view_rank","comparison_group","video_id","video_url","search_appearances_json","published_at_utc","collected_at_utc","views","likes","comments","shares","saves","engagement_captured_at_utc","duration_seconds"
"1","top_10_by_views","7533604609361743126","https://www.tiktok.com/@world.wide.story/video/7533604609361743126","{""search_term"":""creepy tok storytime"",""search_rank"":22}","2025-08-01T13:13:34+00:00","2026-09-03T03:32:58+00:00","32000000","3600000","6570","78400","229346","2026-09-03T03:32:58+00:00","61.045"
"2","top_10_by_views","7488741775218085128","https://www.tiktok.com/@itsheidiwong/video/7488741775218085128","{""search_term"":""creepy tok skit"",""search_rank"":12}","2025-04-02T15:42:51+00:00","2026-09-03T03:33:29+00:00","14100000","1400000","2337","33100","136936","2026-09-03T03:33:29+00:00","59.929"
"3","top_10_by_views","7527162361128520965","https://www.tiktok.com/@4.nomaly/video/7527162361128520965","{""search_term"":""creepy tok"",""search_rank"":21}","2025-07-15T04:34:27+00:00","2026-09-03T03:32:15+00:00","12400000","635300","6548","70200","146167","2026-09-03T03:32:15+00:00","16.416"
"4","top_10_by_views","7653130604610964767","https://www.tiktok.com/@scarystory6905/video/7653130604610964767","{""search_term"":""creepy tok"",""search_rank"":16}","2026-06-19T15:35:48+00:00","2026-09-03T03:32:15+00:00","4900000","229800","5969","41100","39287","2026-09-03T03:32:15+00:00","66.154"
"5","top_10_by_views","7671102650577849613","https://www.tiktok.com/@montanna_banana_/video/7671102650577849613","{""search_term"":""creepy tok"",""search_rank"":22}","2026-08-07T01:56:24+00:00","2026-09-03T03:32:15+00:00","3800000","168700","772","8419","13245","2026-09-03T03:32:15+00:00","21.054"
"6","top_10_by_views","7648936009626815774","https://www.tiktok.com/@denslowperlin/video/7648936009626815774","{""search_term"":""creepy tok"",""search_rank"":9}","2026-06-08T08:19:00+00:00","2026-09-03T03:32:15+00:00","3600000","96600","5596","32700","21568","2026-09-03T03:32:15+00:00","62.15"
"7","top_10_by_views","7624314273921076487","https://www.tiktok.com/@horrorloop5/video/7624314273921076487","{""search_term"":""creepy tok"",""search_rank"":13}","2026-04-02T23:53:31+00:00","2026-09-03T03:32:15+00:00","3000000","51800","2241","94000","7963","2026-09-03T03:32:15+00:00","25.378"
"8","top_10_by_views","7663882995362843917","https://www.tiktok.com/@quoc.quang.pham6/video/7663882995362843917","{""search_term"":""creepy tok"",""search_rank"":24}","2026-07-18T15:00:48+00:00","2026-09-03T03:32:15+00:00","2600000","120100","190","1181","7610","2026-09-03T03:32:15+00:00","63.0"
"9","top_10_by_views","7659214351001292046","https://www.tiktok.com/@garciafamilyofthreee/video/7659214351001292046","{""search_term"":""creepy tok storytime"",""search_rank"":13}","2026-07-06T01:03:52+00:00","2026-09-03T03:32:58+00:00","2300000","245800","9242","6544","42022","2026-09-03T03:32:58+00:00","8.775"
"10","top_10_by_views","7675007933851127071","https://www.tiktok.com/@aua.yeah/video/7675007933851127071","{""search_term"":""creepy tiktoks"",""search_rank"":17}","2026-08-17T14:31:04+00:00","2026-09-03T03:32:30+00:00","1900000","28100","1059","13700","5917","2026-09-03T03:32:30+00:00","68.15"
"11","","7679329256719060255","https://www.tiktok.com/@skeletono6/video/7679329256719060255","{""search_term"":""creepy tok storytime"",""search_rank"":15}","2026-08-29T06:00:01+00:00","2026-09-03T03:32:58+00:00","1600000","294400","2901","42800","36808","2026-09-03T03:32:58+00:00","15.367"
"12","","7680655860325960993","https://www.tiktok.com/@fin.jafilm/video/7680655860325960993","{""search_term"":""creepypasta tok"",""search_rank"":20}","2026-09-01T19:47:30+00:00","2026-09-03T03:33:14+00:00","1400000","107700","1939","6339","17987","2026-09-03T03:33:14+00:00","154.933"
"13","","7525256708688497975","https://www.tiktok.com/@amandaprescottfx/video/7525256708688497975","{""search_term"":""creepy tok skit"",""search_rank"":6}","2025-07-10T01:19:57+00:00","2026-09-03T03:33:29+00:00","1300000","153800","607","28300","10632","2026-09-03T03:33:29+00:00","18.971"
"14","","7642962688150129940","https://www.tiktok.com/@alterf.ront/video/7642962688150129940","{""search_term"":""creepypasta tok"",""search_rank"":7}","2026-05-23T05:58:48+00:00","2026-09-03T03:33:14+00:00","1200000","243700","1118","20000","61789","2026-09-03T03:33:14+00:00","12.676"
"15","","7594258738983243039","https://www.tiktok.com/@coinflipenergy/video/7594258738983243039","{""search_term"":""creepy tok"",""search_rank"":18}","2026-01-12T00:02:48+00:00","2026-09-03T03:32:15+00:00","1200000","71600","2000","21100","16574","2026-09-03T03:32:15+00:00","116.818"
"16","","7669789467330301198","https://www.tiktok.com/@horrorwithinreddit/video/7669789467330301198","{""search_term"":""creepy tok"",""search_rank"":14}","2026-08-03T13:01:19+00:00","2026-09-03T03:32:15+00:00","1100000","87900","3459","63400","11754","2026-09-03T03:32:15+00:00","10.102"
"17","","7670952285341535521","https://www.tiktok.com/@ririenhaa/video/7670952285341535521","{""search_term"":""creepypasta tok"",""search_rank"":22}","2026-08-06T16:12:41+00:00","2026-09-03T03:33:14+00:00","1100000","195700","1273","13300","57056","2026-09-03T03:33:14+00:00","23.963"
"18","","7652554346776874271","https://www.tiktok.com/@truecrimetok007/video/7652554346776874271","{""search_term"":""creepy tok storytime"",""search_rank"":18}","2026-06-18T02:19:32+00:00","2026-09-03T03:32:58+00:00","1100000","49900","2176","2915","9625","2026-09-03T03:32:58+00:00","289.5"
"19","","7669109539899329814","https://www.tiktok.com/@clipsforeveryone08/video/7669109539899329814","{""search_term"":""creepy tiktoks"",""search_rank"":11}","2026-08-01T17:01:56+00:00","2026-09-03T03:32:30+00:00","995300","35700","2290","21800","6806","2026-09-03T03:32:30+00:00","40.042"
"20","","7674653611825155350","https://www.tiktok.com/@truthhub3/video/7674653611825155350","{""search_term"":""creepy tok"",""search_rank"":12}","2026-08-16T15:35:49+00:00","2026-09-03T03:32:15+00:00","871300","94100","1371","2262","8058","2026-09-03T03:32:15+00:00","12.305"
"21","","7679252498883890463","https://www.tiktok.com/@cvnela/video/7679252498883890463","{""search_term"":""creepy tiktoks"",""search_rank"":22}","2026-08-29T01:01:58+00:00","2026-09-03T03:32:30+00:00","832800","84400","454","3800","24242","2026-09-03T03:32:30+00:00","9.133"
"22","","7245552763889929515","https://www.tiktok.com/@itsjustshepherd1/video/7245552763889929515","{""search_term"":""creepy tok skit"",""search_rank"":10}","2023-06-17T07:26:00+00:00","2026-09-03T03:33:29+00:00","750500","148100","3005","2751","19124","2026-09-03T03:33:29+00:00","62.76"
"23","","7665901934804536597","https://www.tiktok.com/@finestyearnerintiktok/video/7665901934804536597","{""search_term"":""creepy tok"",""search_rank"":4}","2026-07-24T01:34:51+00:00","2026-09-03T03:32:15+00:00","717900","88000","8812","9864","16601","2026-09-03T03:32:15+00:00","8.633"
"24","","7676137740005641485","https://www.tiktok.com/@thefaceofhorror_/video/7676137740005641485","{""search_term"":""creepy tiktoks"",""search_rank"":1}","2026-08-20T23:25:00+00:00","2026-09-03T03:32:30+00:00","716600","27000","624","2106","8378","2026-09-03T03:32:30+00:00","64.234"
"25","","7389622228846972203","https://www.tiktok.com/@beeveekee/video/7389622228846972203","{""search_term"":""creepy tok skit"",""search_rank"":18}","2024-07-09T13:08:41+00:00","2026-09-03T03:33:29+00:00","682000","132500","291","2907","7189","2026-09-03T03:33:29+00:00","181.267"
"26","","7662439836543962390","https://www.tiktok.com/@obscyravoid/video/7662439836543962390","{""search_term"":""creepypasta tok"",""search_rank"":13}","2026-07-14T17:40:07+00:00","2026-09-03T03:33:14+00:00","622300","109300","2105","58700","17804","2026-09-03T03:33:14+00:00","30.72"
"27","","7673169035499932958","https://www.tiktok.com/@denslowperlin/video/7673169035499932958","{""search_term"":""creepy tok"",""search_rank"":19}","2026-08-12T15:34:56+00:00","2026-09-03T03:32:15+00:00","609400","18300","687","3355","3617","2026-09-03T03:32:15+00:00","60.488"
"28","","7671476256612830478","https://www.tiktok.com/@whispertalesss/video/7671476256612830478","{""search_term"":""creepy tok storytime"",""search_rank"":21}","2026-08-08T02:06:05+00:00","2026-09-03T03:32:58+00:00","534300","17600","261","2423","2329","2026-09-03T03:32:58+00:00","74.211"
"29","","7658514818357300511","https://www.tiktok.com/@connor_hat10/video/7658514818357300511","{""search_term"":""creepy tok skit"",""search_rank"":1}","2026-07-04T03:49:09+00:00","2026-09-03T03:33:29+00:00","528700","100500","352","7533","15785","2026-09-03T03:33:29+00:00","132.25"
"30","","7673192583480397076","https://www.tiktok.com/@harrisonhughesnz/video/7673192583480397076","{""search_term"":""creepy tok skit"",""search_rank"":14}","2026-08-12T17:06:13+00:00","2026-09-03T03:33:29+00:00","510300","70000","283","2740","10167","2026-09-03T03:33:29+00:00","105.023"
"31","","7676325952011472141","https://www.tiktok.com/@friendlyhourtv/video/7676325952011472141","{""search_term"":""creepy tok"",""search_rank"":10}","2026-08-21T03:45:44+00:00","2026-09-03T03:32:15+00:00","496700","57100","968","43100","5317","2026-09-03T03:32:15+00:00","10.076"
"32","","7629413862256692494","https://www.tiktok.com/@eddiemora89/video/7629413862256692494","{""search_term"":""creepy tok skit"",""search_rank"":8}","2026-04-16T17:42:34+00:00","2026-09-03T03:33:29+00:00","495400","11300","366","489","2650","2026-09-03T03:33:29+00:00","92.4"
"33","","7680319561345830177","https://www.tiktok.com/@pinkhairchica/video/7680319561345830177","{""search_term"":""creepypasta tok"",""search_rank"":4}","2026-08-31T22:02:30+00:00","2026-09-03T03:33:14+00:00","483700","193500","862","32000","28665","2026-09-03T03:33:14+00:00","11.004"
"34","","7665026572117724434","https://www.tiktok.com/@inkardd/video/7665026572117724434","{""search_term"":""creepy tok skit"",""search_rank"":9}","2026-07-21T16:58:03+00:00","2026-09-03T03:33:29+00:00","471300","40000","263","1366","5535","2026-09-03T03:33:29+00:00","61.333"
"35","","7673531566273908001","https://www.tiktok.com/@maliciousmeerkat/video/7673531566273908001","{""search_term"":""creepy tok"",""search_rank"":1}","2026-08-13T15:01:37+00:00","2026-09-03T03:32:15+00:00","456100","25500","1061","1123","2431","2026-09-03T03:32:15+00:00","10.033"
"36","","7678814659884993822","https://www.tiktok.com/@darkhistorytales1/video/7678814659884993822","{""search_term"":""creepy tok storytime"",""search_rank"":4}","2026-08-27T20:43:03+00:00","2026-09-03T03:32:58+00:00","433900","14700","228","1069","2636","2026-09-03T03:32:58+00:00","63.433"
"37","","7647548732715715853","https://www.tiktok.com/@beeveekee/video/7647548732715715853","{""search_term"":""creepy tok skit"",""search_rank"":5}","2026-06-04T14:35:44+00:00","2026-09-03T03:33:29+00:00","433000","109500","350","7860","5573","2026-09-03T03:33:29+00:00","35.0"
"38","","7680372818105634070","https://www.tiktok.com/@_vexryn_/video/7680372818105634070","{""search_term"":""creepypasta tok"",""search_rank"":18}","2026-09-01T01:29:36+00:00","2026-09-03T03:33:14+00:00","406100","68200","3909","4451","11518","2026-09-03T03:33:14+00:00","36.57"
"39","","7679155589502635287","https://www.tiktok.com/@secretzonetiktok/video/7679155589502635287","{""search_term"":""creepy tiktoks"",""search_rank"":12}","2026-08-28T23:00:00+00:00","2026-09-03T03:32:30+00:00","382700","27500","151","911","5057","2026-09-03T03:32:30+00:00","68.267"
"40","","7673316504292674846","https://www.tiktok.com/@caulkdraggin/video/7673316504292674846","{""search_term"":""creepy tiktoks"",""search_rank"":7}","2026-08-13T01:07:20+00:00","2026-09-03T03:32:30+00:00","373700","3839","255","1687","949","2026-09-03T03:32:30+00:00","6.6"
"41","","7680358546873093406","https://www.tiktok.com/@realhorrortok/video/7680358546873093406","{""search_term"":""creepy tok"",""search_rank"":3}","2026-09-01T00:33:59+00:00","2026-09-03T03:32:15+00:00","373000","47300","2425","6464","9027","2026-09-03T03:32:15+00:00","176.6"
"42","","7670502718678633741","https://www.tiktok.com/@macabrediary58/video/7670502718678633741","{""search_term"":""creepy tiktoks"",""search_rank"":9}","2026-08-05T18:15:00+00:00","2026-09-03T03:32:30+00:00","364300","5873","217","561","1342","2026-09-03T03:32:30+00:00","60.697"
"43","","7680787922571857166","https://www.tiktok.com/@afterdarkhotline/video/7680787922571857166","{""search_term"":""creepy tok storytime"",""search_rank"":8}","2026-09-02T04:20:10+00:00","2026-09-03T03:32:58+00:00","358100","31800","775","1459","4004","2026-09-03T03:32:58+00:00","130.567"
"44","","7678146044005240078","https://www.tiktok.com/@unknownarchive79/video/7678146044005240078","{""search_term"":""creepy tiktoks"",""search_rank"":4}","2026-08-26T01:28:24+00:00","2026-09-03T03:32:30+00:00","354000","30400","616","6880","5852","2026-09-03T03:32:30+00:00","64.668"
"45","","7677037171143986446","https://www.tiktok.com/@slurpy777x/video/7677037171143986446","{""search_term"":""creepypasta tok"",""search_rank"":14}","2026-08-23T01:45:30+00:00","2026-09-03T03:33:14+00:00","348500","99600","1734","31300","10282","2026-09-03T03:33:14+00:00","12.655"
"46","","7658470348626595086","https://www.tiktok.com/@zaekkoo/video/7658470348626595086","{""search_term"":""creepy tok"",""search_rank"":6}","2026-07-04T00:56:45+00:00","2026-09-03T03:32:15+00:00","341500","7993","770","861","1283","2026-09-03T03:32:15+00:00","12.003"
"47","","7680808371238309151","https://www.tiktok.com/@skeletono6/video/7680808371238309151","{""search_term"":""creepy tok storytime"",""search_rank"":12}","2026-09-02T05:39:32+00:00","2026-09-03T03:32:58+00:00","338200","93800","760","17800","14285","2026-09-03T03:32:58+00:00","17.3"
"48","","7675520719509277965","https://www.tiktok.com/@whispertalesss/video/7675520719509277965","{""search_term"":""creepy tiktoks"",""search_rank"":23}","2026-08-18T23:40:46+00:00","2026-09-03T03:32:30+00:00","337100","12500","127","2465","2438","2026-09-03T03:32:30+00:00","79.134"
"49","","7249859548272512298","https://www.tiktok.com/@greek_pepperoni/video/7249859548272512298","{""search_term"":""creepy tok skit"",""search_rank"":16}","2023-06-28T21:57:58+00:00","2026-09-03T03:33:29+00:00","316900","32900","333","1001","3237","2026-09-03T03:33:29+00:00","62.033"
"50","","7556352148276120846","https://www.tiktok.com/@kyr4mari3/video/7556352148276120846","{""search_term"":""creepy tok skit"",""search_rank"":11}","2025-10-01T20:26:12+00:00","2026-09-03T03:33:29+00:00","297500","38300","533","1760","4713","2026-09-03T03:33:29+00:00","61.7"
"51","","7680792431196949790","https://www.tiktok.com/@behindthegalaxy7/video/7680792431196949790","{""search_term"":""creepypasta tok"",""search_rank"":10}","2026-09-02T04:37:37+00:00","2026-09-03T03:33:14+00:00","268400","100500","428","7401","26015","2026-09-03T03:33:14+00:00","16.231"
"52","","7680246286511066389","https://www.tiktok.com/@prettyscaryxo/video/7680246286511066389","{""search_term"":""creepy tiktoks"",""search_rank"":24}","2026-08-31T17:18:20+00:00","2026-09-03T03:32:30+00:00","267100","7694","215","10800","1204","2026-09-03T03:32:30+00:00","15.0"
"53","","7680309868640783638","https://www.tiktok.com/@secretzonetiktok/video/7680309868640783638","{""search_term"":""creepy tiktoks"",""search_rank"":13}","2026-08-31T23:00:00+00:00","2026-09-03T03:32:30+00:00","253700","15600","448","2930","6249","2026-09-03T03:32:30+00:00","61.115"
"54","","7680717492364299551","https://www.tiktok.com/@sydthehorrorkid1/video/7680717492364299551","{""search_term"":""creepy tok storytime"",""search_rank"":6}","2026-09-01T23:46:45+00:00","2026-09-03T03:32:58+00:00","243700","16500","824","2878","4597","2026-09-03T03:32:58+00:00","155.167"
"55","","7680586209344670998","https://www.tiktok.com/@makeupxellie/video/7680586209344670998","{""search_term"":""creepypasta tok"",""search_rank"":19}","2026-09-01T15:17:18+00:00","2026-09-03T03:33:14+00:00","224700","44700","1103","755","4568","2026-09-03T03:33:14+00:00","157.433"
"56","","7679125876394577166","https://www.tiktok.com/@negativespacepict/video/7679125876394577166","{""search_term"":""creepy tok"",""search_rank"":17}","2026-08-28T16:51:10+00:00","2026-09-03T03:32:15+00:00","213100","6131","191","1868","637","2026-09-03T03:32:15+00:00","15.083"
"57","","7676698940460289301","https://www.tiktok.com/@arthojust/video/7676698940460289301","{""search_term"":""creepy tiktoks"",""search_rank"":20}","2026-08-22T03:52:43+00:00","2026-09-03T03:32:30+00:00","203200","7829","143","3959","1485","2026-09-03T03:32:30+00:00","39.474"
"58","","7680483002178112799","https://www.tiktok.com/@cidvadypojk/video/7680483002178112799","{""search_term"":""creepy tok storytime"",""search_rank"":5}","2026-09-01T08:37:46+00:00","2026-09-03T03:32:58+00:00","189700","6248","128","964","1217","2026-09-03T03:32:58+00:00","109.411"
"59","","7680764352433032479","https://www.tiktok.com/@prestont33/video/7680764352433032479","{""search_term"":""creepy tok storytime"",""search_rank"":3}","2026-09-02T02:48:38+00:00","2026-09-03T03:32:58+00:00","184900","12800","820","1268","2583","2026-09-03T03:32:58+00:00","158.192"
"60","","7678509348091333918","https://www.tiktok.com/@storystaticc_/video/7678509348091333918","{""search_term"":""creepy tok storytime"",""search_rank"":11}","2026-08-27T00:58:03+00:00","2026-09-03T03:32:58+00:00","184400","29500","387","572","4249","2026-09-03T03:32:58+00:00","356.467"
"61","","7680050543590395166","https://www.tiktok.com/@skeletono6/video/7680050543590395166","{""search_term"":""creepy tok storytime"",""search_rank"":17}","2026-08-31T04:38:50+00:00","2026-09-03T03:32:58+00:00","183400","34300","406","6541","4490","2026-09-03T03:32:58+00:00","22.55"
"62","","7654862787256110366","https://www.tiktok.com/@lumi._fan3/video/7654862787256110366","{""search_term"":""creepypasta tok"",""search_rank"":8}","2026-06-24T07:37:24+00:00","2026-09-03T03:33:14+00:00","176300","15600","141","1937","5251","2026-09-03T03:33:14+00:00","19.201"
"63","","7637571207897845006","https://www.tiktok.com/@officialjadenwilliams/video/7637571207897845006","{""search_term"":""creepy tok skit"",""search_rank"":2}","2026-05-08T17:17:15+00:00","2026-09-03T03:33:29+00:00","157200","21500","253","882","2964","2026-09-03T03:33:29+00:00","139.25"
"64","","7680465248867945750","https://www.tiktok.com/@mythcracked_0/video/7680465248867945750","{""search_term"":""creepy tiktoks"",""search_rank"":16}","2026-09-01T07:28:00+00:00","2026-09-03T03:32:30+00:00","151200","2674","65","276","567","2026-09-03T03:32:30+00:00","66.407"
"65","","7663170415036058888","https://www.tiktok.com/@tragicallyverdant/video/7663170415036058888","{""search_term"":""creepypasta tok"",""search_rank"":16}","2026-07-16T16:55:07+00:00","2026-09-03T03:33:14+00:00","148100","34700","113","1895","9434","2026-09-03T03:33:14+00:00","14.75"
"66","","7667883503970831638","https://www.tiktok.com/@blurredkiss_s/video/7667883503970831638","{""search_term"":""creepypasta tok"",""search_rank"":24}","2026-07-29T09:44:22+00:00","2026-09-03T03:33:14+00:00","145500","7577","83","660","1761","2026-09-03T03:33:14+00:00","7.685"
"67","","7679197702982274335","https://www.tiktok.com/@omouthishead/video/7679197702982274335","{""search_term"":""creepy tok skit"",""search_rank"":3}","2026-08-28T21:29:26+00:00","2026-09-03T03:33:29+00:00","134000","17700","188","1987","3433","2026-09-03T03:33:29+00:00","48.551"
"68","","7680669739642932488","https://www.tiktok.com/@lydslunacycrochet/video/7680669739642932488","{""search_term"":""creepy tok storytime"",""search_rank"":1}","2026-09-01T20:41:49+00:00","2026-09-03T03:32:58+00:00","133600","20000","176","512","3299","2026-09-03T03:32:58+00:00","296.2"
"69","","7678892650166258958","https://www.tiktok.com/@horror.tt0k/video/7678892650166258958","{""search_term"":""creepy tok"",""search_rank"":5}","2026-08-28T01:45:34+00:00","2026-09-03T03:32:15+00:00","128200","4300","24","94","427","2026-09-03T03:32:15+00:00","22.243"
"70","","7675504488744094989","https://www.tiktok.com/@horrorwithinreddit/video/7675504488744094989","{""search_term"":""creepy tiktoks"",""search_rank"":19}","2026-08-18T22:37:56+00:00","2026-09-03T03:32:30+00:00","115500","2085","121","5151","417","2026-09-03T03:32:30+00:00","8.4"
"71","","7680338712885988629","https://www.tiktok.com/@crashcoot5/video/7680338712885988629","{""search_term"":""creepypasta tok"",""search_rank"":9}","2026-08-31T23:17:00+00:00","2026-09-03T03:33:14+00:00","104000","42100","395","2965","6928","2026-09-03T03:33:14+00:00","15.0"
"72","","7663384652949867790","https://www.tiktok.com/@wyrt97/video/7663384652949867790","{""search_term"":""creepy tok storytime"",""search_rank"":20}","2026-07-17T06:47:09+00:00","2026-09-03T03:32:58+00:00","94500","1432","101","752","411","2026-09-03T03:32:58+00:00","63.506"
"73","","7670957271173582102","https://www.tiktok.com/@maliciousmeerkat/video/7670957271173582102","{""search_term"":""creepy tok"",""search_rank"":8}","2026-08-06T16:32:05+00:00","2026-09-03T03:32:15+00:00","93500","5098","358","354","574","2026-09-03T03:32:15+00:00","10.006"
"74","","7680372483412725006","https://www.tiktok.com/@horrorscrollstory/video/7680372483412725006","{""search_term"":""creepypasta tok"",""search_rank"":11}","2026-09-01T01:28:06+00:00","2026-09-03T03:33:14+00:00","91700","6803","99","386","2070","2026-09-03T03:33:14+00:00","166.817"
"75","","7680335650662501635","https://www.tiktok.com/@theyezhs0rl/video/7680335650662501635","{""search_term"":""creepypasta tok"",""search_rank"":1}","2026-08-31T23:05:04+00:00","2026-09-03T03:33:14+00:00","67700","17900","78","1921","3329","2026-09-03T03:33:14+00:00","18.063"
"76","","7263612483632385322","https://www.tiktok.com/@tahtianasherdenn/video/7263612483632385322","{""search_term"":""creepy tok skit"",""search_rank"":15}","2023-08-04T23:26:20+00:00","2026-09-03T03:33:29+00:00","57300","6937","39","39","647","2026-09-03T03:33:29+00:00","48.633"
"77","","7679175459057290509","https://www.tiktok.com/@krimekween/video/7679175459057290509","{""search_term"":""creepy tok storytime"",""search_rank"":14}","2026-08-28T20:03:11+00:00","2026-09-03T03:32:58+00:00","54000","6394","117","96","1011","2026-09-03T03:32:58+00:00","197.017"
"78","","7680687557906058510","https://www.tiktok.com/@pebblul/video/7680687557906058510","{""search_term"":""creepypasta tok"",""search_rank"":17}","2026-09-01T21:50:55+00:00","2026-09-03T03:33:14+00:00","52700","13500","165","374","1391","2026-09-03T03:33:14+00:00","28.744"
"79","","7679986444252744983","https://www.tiktok.com/@emmatruecrime1/video/7679986444252744983","{""search_term"":""creepy tiktoks"",""search_rank"":15}","2026-08-31T00:30:02+00:00","2026-09-03T03:32:30+00:00","47700","3783","107","199","844","2026-09-03T03:32:30+00:00","378.8"
"80","","7680672526002818337","https://www.tiktok.com/@lacexvoid/video/7680672526002818337","{""search_term"":""creepypasta tok"",""search_rank"":3}","2026-09-01T20:52:11+00:00","2026-09-03T03:33:14+00:00","46800","11500","109","1686","2358","2026-09-03T03:33:14+00:00","19.713"
"81","","7674244883942608142","https://www.tiktok.com/@horrorwithinreddit/video/7674244883942608142","{""search_term"":""creepypasta tok"",""search_rank"":21}","2026-08-15T13:09:51+00:00","2026-09-03T03:33:14+00:00","42800","1117","58","1277","207","2026-09-03T03:33:14+00:00","7.8"
"82","","7680589704806386965","https://www.tiktok.com/@shalynishka1218/video/7680589704806386965","{""search_term"":""creepypasta tok"",""search_rank"":6}","2026-09-01T15:30:51+00:00","2026-09-03T03:33:14+00:00","41400","15000","73","1310","3215","2026-09-03T03:33:14+00:00","11.051"
"83","","7676144199208668429","https://www.tiktok.com/@kyr4mari3/video/7676144199208668429","{""search_term"":""creepy tok skit"",""search_rank"":13}","2026-08-20T16:00:09+00:00","2026-09-03T03:33:29+00:00","35700","4780","102","108","428","2026-09-03T03:33:29+00:00","49.75"
"84","","7675420817764732174","https://www.tiktok.com/@truestories432/video/7675420817764732174","{""search_term"":""creepy tok"",""search_rank"":2}","2026-08-18T17:13:23+00:00","2026-09-03T03:32:15+00:00","26900","250","44","47","79","2026-09-03T03:32:15+00:00","67.22"
"85","","7681065499748207885","https://www.tiktok.com/@slye13yt/video/7681065499748207885","{""search_term"":""creepypasta tok"",""search_rank"":12}","2026-09-02T22:17:22+00:00","2026-09-03T03:33:14+00:00","22800","2848","48","128","1762","2026-09-03T03:33:14+00:00","18.621"
"86","","7680390495159241998","https://www.tiktok.com/@ghosts.in.the.garden/video/7680390495159241998","{""search_term"":""creepy tok storytime"",""search_rank"":19}","2026-09-01T02:38:04+00:00","2026-09-03T03:32:58+00:00","15500","3743","96","54","429","2026-09-03T03:32:58+00:00","177.467"
"87","","7679487096981179666","https://www.tiktok.com/@itsheidiwong/video/7679487096981179666","{""search_term"":""creepy tok skit"",""search_rank"":4}","2026-08-29T16:12:12+00:00","2026-09-03T03:33:29+00:00","15400","1923","32","8","147","2026-09-03T03:33:29+00:00","27.528"
"88","","7680658485280820510","https://www.tiktok.com/@seireitonin/video/7680658485280820510","{""search_term"":""creepypasta tok"",""search_rank"":5}","2026-09-01T19:57:55+00:00","2026-09-03T03:33:14+00:00","13700","3585","145","48","450","2026-09-03T03:33:14+00:00","233.667"
"89","","7680671031236775198","https://www.tiktok.com/@idcsterling/video/7680671031236775198","{""search_term"":""creepy tiktoks"",""search_rank"":8}","2026-09-01T20:46:32+00:00","2026-09-03T03:32:30+00:00","13400","960","77","44","176","2026-09-03T03:32:30+00:00","66.711"
"90","","7680609426641915169","https://www.tiktok.com/@maliciousmeerkat/video/7680609426641915169","{""search_term"":""creepy tok"",""search_rank"":7}","2026-09-01T16:47:23+00:00","2026-09-03T03:32:15+00:00","11900","797","30","27","119","2026-09-03T03:32:15+00:00","10.006"
"91","bottom_10_by_views","7582754140590181687","https://www.tiktok.com/@appalachianbones/video/7582754140590181687","{""search_term"":""creepy tok skit"",""search_rank"":17}","2025-12-11T23:58:59+00:00","2026-09-03T03:33:29+00:00","11300","487","27","17","93","2026-09-03T03:33:29+00:00","56.189"
"92","bottom_10_by_views","7680387675395788045","https://www.tiktok.com/@theparanormal1/video/7680387675395788045","{""search_term"":""creepy tok"",""search_rank"":15}","2026-09-01T02:27:06+00:00","2026-09-03T03:32:15+00:00","9489","1374","22","137","196","2026-09-03T03:32:15+00:00","6.083"
"93","bottom_10_by_views","7679518130015685910","https://www.tiktok.com/@dr.darkstory1/video/7679518130015685910","{""search_term"":""creepy tok storytime"",""search_rank"":7}","2026-08-29T18:12:35+00:00","2026-09-03T03:32:58+00:00","8920","166","8","11","47","2026-09-03T03:32:58+00:00","47.601"
"94","bottom_10_by_views","7680709497538563358","https://www.tiktok.com/@lindsayscreepystorytime/video/7680709497538563358","{""search_term"":""creepy tok storytime"",""search_rank"":9}","2026-09-01T23:15:50+00:00","2026-09-03T03:32:58+00:00","6951","975","55","27","172","2026-09-03T03:32:58+00:00","514.848"
"95","bottom_10_by_views","7676341384797883678","https://www.tiktok.com/@hollowsignals/video/7676341384797883678","{""search_term"":""creepy tok"",""search_rank"":20}","2026-08-21T04:45:29+00:00","2026-09-03T03:32:15+00:00","6679","343","46","524","59","2026-09-03T03:32:15+00:00","15.046"
"96","bottom_10_by_views","7681029603045002529","https://www.tiktok.com/@dontlookhorror/video/7681029603045002529","{""search_term"":""creepypasta tok"",""search_rank"":2}","2026-09-02T19:57:51+00:00","2026-09-03T03:33:14+00:00","6419","310","338","19","40","2026-09-03T03:33:14+00:00","6.153"
"97","bottom_10_by_views","7680493770693086487","https://www.tiktok.com/@creepyhub3/video/7680493770693086487","{""search_term"":""creepy tok"",""search_rank"":23}","2026-09-01T09:18:41+00:00","2026-09-03T03:32:15+00:00","6044","315","30","97","38","2026-09-03T03:32:15+00:00","54.433"
"98","bottom_10_by_views","7673996443291618582","https://www.tiktok.com/@lou_fir/video/7673996443291618582","{""search_term"":""creepy tok skit"",""search_rank"":7}","2026-08-14T21:05:40+00:00","2026-09-03T03:33:29+00:00","4653","279","20","13","20","2026-09-03T03:33:29+00:00","22.1"
"99","bottom_10_by_views","7680353032776813855","https://www.tiktok.com/@hellsbutcher/video/7680353032776813855","{""search_term"":""creepy tok"",""search_rank"":11}","2026-09-01T00:12:33+00:00","2026-09-03T03:32:15+00:00","4407","209","27","28","26","2026-09-03T03:32:15+00:00","58.4"
"100","bottom_10_by_views","7681085911832071454","https://www.tiktok.com/@mosthauntedinc/video/7681085911832071454","{""search_term"":""creepy tok storytime"",""search_rank"":10}","2026-09-02T23:36:33+00:00","2026-09-03T03:32:58+00:00","165","10","1","1","2","2026-09-03T03:32:58+00:00","173.88"
